PO0000000040744;MEATWORLD SHOP
PO0000000040878;MEATWORLD SHOP
PO0000000041237;MEATWORLD SHOP
PO0000000041572;MEATWORLD SHOP
PO0000000041670;MEATWORLD SHOP
PO0000000041744;MEATWORLD SHOP
PO0000000041943;MEATWORLD SHOP
PO0000000042068;MEATWORLD SHOP
PO0000000042084;MEATWORLD SHOP
PO0000000042245;MEATWORLD SHOP
PO0000000042357;MEATWORLD SHOP
PO0000000042429;MEATWORLD SHOP
PO0000000042718;MEATWORLD SHOP
PO0000000043147;MEATWORLD SHOP
PO0000000043436;MEATWORLD SHOP
PO0000000044030;MEATWORLD SHOP
PO0000000044104;MEATWORLD SHOP
PO0000000044469;MEATWORLD SHOP
PO0000000044628;MEATWORLD SHOP
PO0000000044736;MEATWORLD SHOP
PO0000000044887;MEATWORLD SHOP
PO0000000045052;MEATWORLD SHOP
PO0000000045129;MEATWORLD SHOP
PO0000000045745;MEATWORLD SHOP
PO0000000044297;Seng Mean Heng
PO0000000044288;Seng Mean Heng
PO0000000044367;Seng Mean Heng
PO0000000044448;Seng Mean Heng
PO0000000044921;Seng Mean Heng
PO0000000045051;Seng Mean Heng
PO0000000045907;Seng Mean Heng
PO0000000046036;Seng Mean Heng
PO0000000047207;Seng Mean Heng
PO0000000047311;Seng Mean Heng
PO0000000045685;Seila Fruit Shop
PO0000000045740;Seila Fruit Shop
PO0000000045919;Seila Fruit Shop
PO0000000046040;Seila Fruit Shop
PO0000000046141;Seila Fruit Shop
PO0000000046206;Seila Fruit Shop
PO0000000046306;Seila Fruit Shop
PO0000000045853;PAPA Farm Solution
PO0000000046221;Chomka & Fruit Khmer
PO0000000046459;Egg House
PO0000000044957;Lay Leang Sruy fruit
PO0000000044875;Lay Leang Sruy fruit
PO0000000044996;Lay Leang Sruy fruit
PO0000000045156;Lay Leang Sruy fruit
PO0000000045259;Lay Leang Sruy fruit
PO0000000040719;Che Da Seafood
PO0000000041019;Che Da Seafood
PO0000000042329;Che Da Seafood
PO0000000042743;Che Da Seafood
PO0000000043272;Che Da Seafood
PO0000000044920;Che Da Seafood
PO0000000045157;Kannitha fruit
PO0000000045180;Kannitha fruit
PO0000000042523;YA YA
PO0000000041234;YA YA
PO0000000042196;YA YA
RT0000000038763;CHE MOM Fresh
PO0000000044734;LONG VANDY
PO0000000043337;Huy Huy
PO0000000046361;Huy Huy
PO0000000040993;SAY VEBOL
PO0000000041383;SAY VEBOL
PO0000000043213;SAY VEBOL
PO0000000043968;SAY VEBOL
PO0000000043090;PA PICH
PO0000000043189;PA PICH
PO0000000043328;PA PICH
PO0000000046042;PA PICH
PO0000000045743;Seng Samon
PO0000000040725;J Online Shop
PO0000000041504;J Online Shop
PO0000000042146;J Online Shop
PO0000000042943;J Online Shop
PO0000000043421;J Online Shop
PO0000000046205;J Online Shop