10200799991984,Crispy Spicy Pig's Skin 100g,ស្បែកជ្រូកសាច់ផាត់,
10200899981984,PORK 500G,សាច់ជ្រូកមូលចង្កាក់ 500G,
20200199601984,luckY  CAKE,នំពងទាកណ្ដាល,
20200199671984,Cambodia cake,នំទឹកចេកមានស្នូល,
20200199681984,Cambodia cake,នំទឹកចេកធំពណ៌,
20200199711984,KHMER CAKE 2PEC,នំពារស់ជាតិសណ្ដែកនឹងត្រាវ,
20200199741984,PIA egg flavour 1pcs,នំពៀរ,
20200199751984,MASHU MOCHI delicious cake,នំម៉ាសូម៉ូឈីកញ្ចប់តូច,
20200199761984,Chinese cake with cream flavour,នំខេកកញ្ចប់,
20200199781984,Chinese cake with cream flavour,នំខេកកញ្ចប់,
20200199801984,Chinese cake with cream flavour,នំខេកកញ្ចប់,
20200199861984,WORM Coconut Cookies 180g,នំដង្កូវកំប៉ុងថ្លា,
20200199891984,VFOODS mr. biscuits (filled with orange cream) 100g,នំរូបផេនដារសជាតិក្រូចលឿង,R6.C2.L1
20200599961984,Coconut jelly,ចាហ៊ួយ,
20200599971984,Cambodia cake,នំស្នូលសណ្ដែក,
20200799941984,Cambodia pia cake yellow peas flavor,នំពារចានរសជាតិសណ្ដែក,
20200799961984,Cambodia pia cake coconut flavor,នំពារចានរសជាតិដូង,
20200799971984,Cambodia pia cake bitter melon flavor,នំពារចានរសជាតិត្រឡាច,
20200799981984,Cambodia pia cake grape flavor,នំពារចានរសជាតិទំពាំងបាយជូរ,
20300299971984,CROCODILE khmer rice (jasmine scent​ 100%) 1kg,អង្ករផ្កាម្លិះ១គីឡូក្រាម,
20500299991984,CARIBO curry (cooking spice 10x5g) 50g,គ្រឿងការីរូបទន្សាយ,
20600299981984,Donut sweet flavour 150g,នំដូណាត់រសជាតិផ្អែម,
20700499981984,DRIED COCONUT 300GM,ដំណាប់ដូង,
20800599991984,NAMPUJANG 100% orange juice,ទឹកក្រូចសុទ្ធ១០០ភាគរយ,
160270,DRIED SWEET TAMARIND 0.5g,ដំណាប់អំពិលផ្អែម​ 0.5g,
160280,DRIED SWEET TAMARIND 1KG,ដំណាប់អំពិលផ្អែម 1kg,
170161,NATURAL dried banana,ដំណាប់ចេក,
30100498661984,FROZEN dumpling (taro with pork flavor),គាវដំឡូងពណ៍ស្វាយរសជាតិសាច់ជ្រូក,
30100498951984,SUIMAI dumpling chicken & shrimp flavor,សៀវមៃសាច់មាន់និងបង្គារ,
30100498971984,FRIED garlic cake,នំបន្ទះស្លឹកខ្ទឹមចៀន,
30100499061984,DIM BUN salted egg flavor,នំប៉ាវស្នូលពងទាប្រៃ,
30100499071984,DIM BUN sweet chicken egg flavor,នំប៉ាវស្នូលពងមាន់ផ្អែម,
30100499101984,DUMPLING mint pork flavor,គាវស្នូលសាច់ជ្រូកសុទ្ធ,
30100499111984,DUMPLING chicken egg & garlic chive flavor,គាវរសជាតិពងមាន់និងស្លឹកគូឆាយ,
30100499131984,DUMPLING meat pork & cabbage flavor,គាវរសជាតិសាច់ជ្រូកនិងស្ពៃបូកគោ,
30100499141984,DUMPLING meat pork & garlic chive flavor 25s,គាវរសជាតិសាច់ជ្រូកនិងស្លឹកគូឆាយ,
30100499861984,DUMPLING mint pork with shrimp flavour,គាវស្នូលសាច់ជ្រូកលាយបង្គារ,
30100499901984,DIM BUN durian flavor,នំប៉ាវBeeស្នូលធុរេន,
30100499911984,FROZEN crispy chicken legs,ជើងមាន់បំពងកក់,
30100499931984,DIM BUN red bean flavor,នំប៉ាវPANDAស្នូលសណ្ដែកក្រហម,
30100499941984,DIM BUN red bean flavor,នំប៉ាវPENGUINSស្នូលសណ្ដែកក្រហម,
41300598701984,PLASTIC round basket,កញ្ជ្រែងជ័រមូលពងជីចក់,
41300599921984,Plastic tray 43x30cm,ថាសជ័រធំ,
0026102633731,LUMINARC EVOLUTION,ចានបាយ,
2009650794510,SHUYA shower cap panda,មួកសំរាប់ងូតទឹក,
20100199821984,THE POP POPCORN 500G​,ពោតផ្ទុះ 500g,
20100199881984,THE POP Popcorn (Chocolate Flavour) 100g,ពោតផ្ទុះរសជាតិសូកូឡា,
20100199891984,THE POP Popcorn (Green Tea Flavour) 100g,ពោតផ្ទុះរសជាតិតែបៃតង,
20100199911984,THE POP Popcorn (Cheese Flavour) 100g,ពោតផ្ទុះរសជាតិឈីស,
20100199921984,THE POP Popcorn (Caramel Flavour) 100g,ពោតផ្ទុះរសជាតិខារ៉ា​ម៉ែល,
20100199931984,THE POP Popcorn (BBQ Flavour) 100g,ពោតផ្ទុះរសជាតិបាប៊ីឃ្យូ,
20100199941984,Fried bread lemon flavour,នំស្រួយ,
20100199981984,Khmer banana chips natural flavour 250g,ចេកឆាបខ្មែរ,
20100299971984,VANDYS STORE camnut cashews,ចន្ទីលីងប្រៃផ្អែមស្លឹកក្រូចសើច,
20100399971984,Prserved pineapple biscuit,នំផ្អែមស្នូលម្នាស់,
20100499981984,Dried Shrimp 250g,បង្គារក្រៀមធំ​ 250g,
20100499991984,Small Dried Shrimp 250g,បង្គាក្រៀមតូច 250g,
2016111727772,Buidling puzzle for kids hello kitty 3+ages,ឧបករណ៌បង្គុំផ្ទះក្មេងលេង,
20200198261984,Cambodian sesame cookies flavor 500g,នំខុកឃីល្ង,
20200198421984,Cambodia cake coconut flavour,នំដូងដុត,
20200198711984,KHMER CAKE,នំប្រាំង,
20200198741984,KHMER FISH CAKE LAY TAING HOUR,នំពារូបត្រី,
40100899991984,Plastic cloth brush,ច្រាស់ជ័រ,
41400199981984,OMO kitchen & cooking crockery,ចានស៊ុបថ្ម,
41400298091984,Wooden chopsticks 30s,ចង្កឹះឈើ,
41400298401984,E MENG SPOONS,ស្លាបព្រា,
41400298711984,IRON SPOON,ស្លាបព្រាតូច,
41400298911984,IRON SPOON,វែកបាយ,
41400298991984,IRON SPOON,សម,
20300499821984,CHILLI SATE OIL SAUCE,ម្ទេសឆាសាតេ,
20300499841984,Spring Roll Pastry,សំបកគាវលឿង,
20300499951984,HAPPINESS NOODLE 500GM,មីសុភមង្គលដើម,
20300499961984,HAPPINESS NOODLE ORIGINAL FLAVOR 500GM,មីសុភមង្គលរសជាតិធម្មតា,
20300499971984,HAPPINESS NOODLE ORIGINAL FLAVOR 500GM,មីសុភមង្គលរសជាតិធម្មតាសំប៉ែត,
20300499981984,HAPPINESS NOODLE WITH EGG 500GM,មីសុភមង្គលរសជាតិពងមាន់សំប៉ែត,
20300499991984,HAPPINESS NOODLE WITH EGG 500GM,មីសុភមង្គលរសជាតិពងមាន់,
20400299971984,Tamarind pickle 1kg,អំពិលត្រាំ,
20400299981984,Mango pickle 1kg,ស្វាយត្រាំ,
20400499961984,PIG EAR 1000g,ត្រចៀកជ្រូក​ 1000g,
20400798961984,Roasted Cashew Nuts  500g,គ្រាប់ស្វាយចន្ទីលីង,
40700299011984,TAOGE calcium foundation nail polish 20ml,ថ្នាំលាបក្រចក,
40700299031984,LE nail polish (vitamin super nail hardener) 18ml,ថ្នាំលាបក្រចក,
40700299191984,Nail polish gel miss z-r fashion your nails 15ml,ថ្នាំលាបក្រចក,
40700498931984,SHANWISH fruit eye shadow no.sw3004 6g,ម្សៅផាត់ត្របកភ្នែក,
40700499981984,COSMETIC FOUNDATION thick mercury,បារ៉តស្អិត,
40700499991984,COSMETIC FOUNDATION mercury powder,បារ៉តហុយ,
40700698901984,MAKEUP SET BRUSH,ឈុតជក់ផាត់មុខ,
40700698911984,Eyelash adhesive glue dark tone 70g,កាវបិទរោមភ្នែក,
40700699001984,Beauty Make Up Perfect Puff,ប៉ុងផាត់មុខ,
4048189146412,ADIDAS sport socks for man size 24-28cm,ស្រោមជើងអេឌីដាសសម្រាប់បុរស,
40600198991984,PAORA dry powder sponges (soft makup songe) 2pcs,ប៉ុងផាត់មុខ,
140481,Dried Fish,ត្រីកញ្ជុះឆ្អើរ,
21697111,ARO frozen mixed vegetable 3 way 1000g,បន្លែកក ការ៉ុត ផ្កាខាត់ណាស និងខៀវ,
41300298141984,Square glass toothpick holder 3oz,កូនក្រឡ,
41300598621984,Storage box (transparent​ plastic) 10kg,ក្រឡជ័រថ្លា១០គីឡូ,W.R7.C5.L3
41400798951984,Spray bottle liquid container 250ml,ដបបាញ់ទឹក,
41400799981984,Pressure sprayer 2L,ដបបាញ់ទឹក,
41400898881984,YAN MING THAI LAND STAINLESS STEEL 22CM,ឆ្នាំងស៊ុប ២២សម,
41400599821984,Big Bowl,ចានស៊ុបធំ,
41400599851984,NA MI Bowl,ចានសម្លតូច ស៊ុមមាស,
41000499291984,Wooden spatula,វែកឆាឈើ,
41000599991984,ALCOHOL 75% disinfectant spray kills 99.9% of germs 100ml,អាល់កុលបាញ់សំលាប់មេរោគ,
41100398981984,TOILET brush no.C15-1,ច្រាស់ដុសបង្គន់,W.R10.C3.L4
41100399981984,Knife&Cutting board plastic holder,ប្រអប់សៀតកាំបិត,R7.C2.L3
41200299991984,Glass sponge with handle,អេប៉ុងលាងកែវ,
41200498721984,ACCERSSORIES CLEAN HOME,ឈុតអំបោសនិង​ចូកសំរាម,
41200498801984,THC cleaning duster,អំបោសជ័ររោមពណ៌,
41400697871984,DONY STAINLESS STEEL KNIFE,កាំបិតមុខពីរដងជ័រខ្មៅ,
41400698021984,MINH TAM round wooden chopping board 28cm,ជ្រុញឈើមូល,
41400699331984,Soup spoon,វែកសម្លរ,
41400699831984,Spray bottle 250ml,ដបបាញ់ទឹក,
170181,SWEET MELON,ផ្លែត្រសក់ចិនផ្អែម,
30100598991984,Thailand spring rolls 500g,សាយ៉មីសួ,
40100898251984,PLASTIC legs brush 2pcs,ច្រាស់ជ័រដុសជើង,
41301398861984,BLUE welcome door mat no.D10-13,កំរាលជូតជើងវេលខម,W.R8.C2.L3
41301399981984,BLACK carpet AD08-03,កំរាលជូតជើង,W.R8.C4.L3
41501299981984,Plastic rack 3 layers for bathroom usage,ធ្នើរជ័រដាក់សាប៊ូបីជាន់(ជ័ររឹង),
41300999981984,SUPERSTRONG hand towels (happy happy tissue),ក្រដាស់ជូតដៃ,R6.C4.L4
41300999991984,Toilet paper jumbo roll,ក្រដាស់បង្គន់អនាម័យមូលធំ,R6.C4.L4
41401298881984,LD BLENDER MACHINE NO.BY44 350W,ម៉ាស៊ីនក្រឡុក,
41600598571984,TOUY leang chinese happy new year,ទុយលាងចំរុះហុក,
41600798391984,ANG PAV,អាំងប៉ាវ,
41600799111984,Small white envelop,ស្រោមសំបុត្រសតូច,
4894375021571,QQ mini cake egg flavor 188g,នំខេករសជាតិពងមាន់,
4894532916719,WATSONS dental floss picks round thread fresh sensation 50 pieces,ខ្សែរ៉ូតធ្មេញ,
41400999881984,GINOSI double burner gas stove,ចង្ក្រានហ្កាសភ្លោះ,
41400999961984,MINI food chopper,ឧបករណ៏កិនម្ហូបតូច,R7.C3.L1
4897106551675,WEISIEL ice cream chocolate cone (strawberry flavour) 270g,នំការ៉េមរសជាតិស្ត្រប៏ររី,
6225000313712,STRAWBERRY EGYPT 250G,ផ្លែស្រ្តប៊័រស្រស់,
41600799531984,Big white envelop,ស្រោមសំបុត្រសធំ,
4987110240459,KAS DIARY seaweed rolls crispy taste 3 flavor 288g,នំបំពង់រសជាតិសារ៉ាយសមុទ្រ,
6925525222031,Sing drainer stainless steel 11.5cm,កន្ត្រងកាក់សំណល់,
6935457517617,Round Hair Brush Brown,ក្រាស់សិតសក់,
6935953362827,LITTLE SHEEP spicy lamb soup 381g,មីស៊ុបសាច់ចៀមរសជាតិហិរ,
6923250618419,A-TASTE biscuit (sesame pastry) 468g,នំធុង,
6933494881210,ANYLADY matte & metallic eyeshadow palette 90g,គូល័រឈុតផាត់មុខ,
6921294396362,KANGSHIFU LEMON TEA FLAVOR 1L,តែរសជាតិក្រូចឆ្មារ,
6932335101319,AIMINI nail clipper set (beauty tools fashionable style),ឈុតកាត់ក្រចក,
6932335400221,Chinese bread egg flavour,នំប៉័ង,
693318786577,Garbage storage rack,កាធុនតូចព្យួរដាក់សំភារះ,
6931846645671,Kids toy fun rifles set,កាំភ្លើងវែងជ័រក្មេងលេង,W.
6013530325004,SHISHANG fashion basin no.370,កាធុនជ័រ,W.R9.C3.L4
6013530425001,SHISHANG fashion basin no.360,កាធុនជ័រ,W.R9.C3.L4
6936389401074,PROTECTION cooking pot (electric stewing pot) size 18cm,ឆ្នាំងកម្ដៅម្ហូបអាហារ,
6951925400533,DUJUANHUA plastic basket with round container 25cm,កន្ត្រងឈុតមានកាធុនជ័រមូល,
6952147885948,LUCK FAMILY pork flossy cake,នំខេកលាយសាច់ផាត់,
6971225530105,TINT my 4-tip eyebrow no.5 5g,ហ្វឺតគូសចញ្ជើម,
6971225530266,TINT my 4-tiip eyebrow no.2 5g,ហ្វឺតគូសចញ្ជើម,
6971225530273,TINT my 4-tip eyebrow no.1 5g,ហ្វឺតគូសចញ្ជើម,
6920977102016,BALLOON magic toys no.006,ប៉េងប៉ោងសំរាប់ក្មេងលេង,W.R10.C5.L4
6927018403958,Fish balls 20g,ប្រហិតសាច់ត្រី,
6927018499050,Squid balls 20g,ប្រហិតសាច់មឹក,R6.C5.L1
6939931587516,JIA HUA hair brushes,ក្រាស់សិតសក់មូល,
6940978133543,Shower cap (you smile i smile) G.9615,មួកការពារសក់សើមពេលងូតទឹក,
6953440500941,RED CHERRY bowl ( spiece bowl set 5pcs) no.808,ចានថ្មថ្លា មាន៥ចាន,
6973082150366,Pork flossy cake 100g,នំខេកលាយសាច់ផាត់,
6973276130051,GUAN DONG SHU noodles spicy flavor 154g,មីសួររសជាតិហិរ,
6970663720471,LAWEIKE noodle soup hot pot 370g,មីស៊ុបរស់ជាតិស្ពៃជូ,
6970663722882,LAWEIKE noodle soup hot pot 390g,មីស៊ុបចិនចានធំ,R5.C3.L1
6970663725050,CHINES NOODLES SOUP 326G,មីស៊ុបចិន,R5.C3.L2
6970663725227,CHINES NOODLES SOUP 350G,មីស៊ុបចិន,
6970663727269,CHINESE grilled chicken steamed rice 280g,បាយសាច់មាន់ប្រអប់,
6970724821233,Pop Corn 200g,គ្រាប់ពោត,
6970724821240,Pop Corn 200g,គ្រាប់ពោត,
6970724825125,Pop Corn 200g,គ្រាប់ពោត,
6970724825149,Pop Corn 200g,គ្រាប់ពោត,
6970975185238,GLOW make up color (facinating sevencool professional),ម្សៅគូល័រផាត់ថ្ពាល់,
6971018100318,x18 IPHONE QUICK DATE CABLE,ខ្សែសាក់ទូរស័ព្ទ,
6955800800036,SHUANGY ASHUANG duck blood tender and tasty 300g,ឈាមទារសជាតិឈ្ងុយឆ្ញាញ់,
8801038578071,DORCO safety razor LB-618,ដងឡាមដែកកោរពុកមាត់,
8809027524658,Towel Natural,កន្សែងសាច់ទន់,
6971589130560,CHINESE noodles,មីសរសៃធំ,
6971643430575,Yogurt Fruit Oatmeal 500g,អាហារសម្រន់រសជាតិផ្លែឈើទឹកដោះគោជូរ,
6971813400025,Plastic glass drainer with cover,រាវកែវ,
6971858216742,RAOYI kid toothbrush 2-5 years 4pcs,ច្រាស់ដុសធ្មេញក្មេង,
69721780230637,Chinese cake,នំខេកចិន,
6972480251453,Vacuum flask (stainless steel) 500ml,បំពង់ទឹកក្ដៅត្រជាក់,
6942032700494,Spicy hoit pot seasoning 150g,គ្រឿងស៊ុបរសជាតិហិរ,
6959657700228,FULAIJIA inox bowl size 24cm,កាធុនអ៊ីណុក២៤សម,
6978456100169,SET clean broom no.0016,ឈុតអំបោសនិងចូកសំរាម,W.R5.C5.L4
8810000008420,CHUD JANE PLASTIC OVERTURN PLATE NO.8420,រាវចាន,W.R5.C1.L4
8850006946268,PROTED soap flower scent 145g,សាប៊ូដុំដុសខ្លួនប្រូថិកក្លិនផ្កា,
6944876402725,LAOBEIJING cake egg flaor 168g,នំខេករសជាតិពងមាន់,
6945363900038,OUWEIYUAU cokie taro flavor 500g,នំខុកឃីស្នូលត្រាវ,
6954670800153,XING XING KNIFE NO.153,កូនកាំបិតដងជ័រ,
8847106450054,M&N pumpkin chips natural flavor 170g,ល្ពៅគ្រៀម,
8847106450061,M&N taro chips natural flavor 170g,ត្រាវគ្រៀម,
8847106450078,M&N sweet potato chips natural flavor 170g,ដំឡូងជ្វាគ្រៀម,
8847106450085,M&N banana chips natural flavor 170g,ចេកឆាប,
8847106450092,M&N banana chips natural flavor 170g,ចេកឆាប,
8847106450108,M&N purple sweet potato chips natural flavor 170g,ដំឡូងជ្វាគ្រៀម,
6935183998476,Delicious cake,នំខេកកញ្ចប់,
6949187391423,RANLI SHOUGONG cake chocolate flavour 95g,នំខេករសជាតិសូកូឡា,
6949846904940,XINJIEDA HAIR COMB,ក្រាស់សិតសក់,
6970479741121,Tongue cleaner,ឧបករណ៏សំអាតអណ្ដាត,
8850425000145,PIPO variety flavoured jelly dessert 540g,ចាហ៊ួយរសជាតិផ្លែឈើ,
8850360031846,DETTOL aura shower soap mandarin orange scent 125g,សាប៊ូដុំដុសខ្លួនក្លិនក្រូច,
8849301280412,KLEN shower gel (moisturizing whitening+) 450ml,សាប៊ូដុសខ្លួនក្លិន,
8850125010178,NESTLE MILO FLAVOURED MILK 8X180ML,ទឹកដោះគោរសជាតិមីឡូ,
8850501202456,DAISY hair comb no.HB298WE,ក្រាស់មូលសក់,
8851198924201,Multi Insect Killer 600ml,ថ្នាំបាញ់មូស(សម្លាប់ ​កន្លាត​ ស្រមោច​ ),
8851230009002,SUN'Z CHINESE SPOON 12PCS,ស្លាបព្រាខ្លី,
8850157400077,BENTO squid seaweed snack sweet&spicy 5g,មឹកក្រៀមរសជាតិផ្អែមឆ្ងាញ់,
8850157511681,LOTUS stick biscuit (bacon flavour) 55g,នំជើងមាន់រសជាតិសាច់ជ្រូកអាំង,
8850851300307,NATUR feeding bottle (disney baby 5-pack 6+ months) 240ml,ដបទឹកដោះគោកូនក្មេង,
8850851610062,NATUR baby bottle (toddy) 120ml,ដបទឹកដោះគោកូនក្មេង,
8850851610079,TODDY baby bottle 240ml,ដបទឹកដោះគោកូនក្មេង,
8851427000751,CAREBEAU  (goat milk shower cream) 1000ml,គ្រីមដុសខ្លួនទឹកដោះពពែ,
8851520080254,ACNES clear & whitening wash (mentholatum) 100g,ហ្វូមលាងមុខអេកនេ,
8851520080278,ACNES blackhead & oil controlling wash (mentholatum) 100g,ហ្វូមលាងមុខអេកនេ,
8850943530490,BIGGA XHEROES JUSTICE OF BLACK SIDE,រូបក្មេងលេងមានស្ករគ្រាប់,
8851013778934,TIPCO fruit juice (sai nam phueng orange flavour) 600ml,ទឹកផ្លែក្រូចលឿង,
8851959122075,Coke no Sugar drink 250ml,ភេសជ្ជៈកូកាកូឡា,
8851989020358,TROS clear ultra cooll ded roll on 48h 45ml,រ៉ូអន បំបាត់ក្លិនក្លៀក,
8851144101243,Hair Treatment Mask-Pink 250ml,ក្រែមអប់សក់,
8852644520527,HASAYA eyebrow pencil dark brown 03,ខ្មៅដៃគូសចញ្ចើម,
8857126455649,BANYEN mix flavoured cake,នំខេកប្រាំបីរសជាតិ,
8857126688917,DAIFUKU assorted filling flavour,នំប៉ាវប្រអប់,
8857126688924,DAIFUKU strawberry flavour,នំប៉ាវរសជាតិស្ត្រប័ររី,
8857126689204,DAIFUKU foi tong flavour,នំប៉ាវប្រអប់,
8857126689242,DAIFUKU whole grain flavour,នំប៉ាវប្រអប់,
8857200107006,Roasted crispy thai crepe 80g,នំស្រួយផ្អែមប្រអប់,
8852244334104,WICKER TRAY SERIES NO.334,កញ្ជ្រែងដាក់ផ្លែឈើ,
8855878931299,HONEY QUEEN wild flower pollen honey 100% pure natural 1L,ទឹកឃ្មុំថៃ,
8858842053102,BABY BRIGHT lip & cheek matte tint french pink 09,ក្រែមលាបបបូរមាត់,
8858842073186,BABY BRIGHT lip & cheek matte tint french pink 13,ក្រែមលាបបបូរមាត់,
8858954203495,BISKIO lollipop artificial flavour 80g,ស្ករគ្រាប់ឡូលីប៉ប់,
8858994471816,SIVANNA COLORS matte stay lipstick hf688 4g,ក្រែមលាបបបូរមាត់,
8858994471861,SIVANNA COLORS matte stay lipstick hf688 4g,ក្រែមលាបបបូរមាត់,
8858994480511,SIVANNA COLORS make up palette no.dk-212 #01,គូល័រឈុតផាតមុខ,
8859666781011,JUMBO instant noodles hot cup (mhala tomyum black shabu flavour) 61g,មីស៊ុបកំប៉ុងធំ,R5.C4.L2
8858883564513,EYE LASH CURLER E-369,ឧបករណ៍ពុតរោមភ្នែក,
8858883566265,ASHLEY(eye area pencil),ខ្មៅដៃគូសចឹញ្ជើម,
8857200107082,NOM THUNG NUON,នំថោងនួន​​​,
8857200115285,DAIFUKU green tea flavour,នំប៉ាវរសជាតិតែបៃតង,
8857200115292,DAIKUFU coconut flavour,នំប៉ាវរសជាតិដូង,
8859337603192,PRECIOUS SKIN(bird's nest facial mask),ម៉ាសបិទមុខ,
8858842079744,CATHY DOLL glow gel tint #4 hot babe 2.4g,ក្រែមលាបបបូរមាត់បុរស,
8859178719502,MISTINE super powder (soft touch spf30 pa+++ s1) 4.2g,ម្សៅផាត់មុខ,
8859228200899,Chicken top meatball 1000g,ប្រហិតសាច់មាន់,
8936014317273,BANH snow flaked cake durian flavoured 360g,នំកោរសជាតិធុរេន,
8936014317297,BANH snow flaked cake 360g,នំកោរសជាតិស្លឹកតយ,
8936047254613,DREAM plastic bottle with straw 700ml,ដបទឹកជ័រមានទុយោ,
8936099152615,Kids toy fun truck powder danger,ត្រាក់ទ័រជ័រជីកដីក្មេងលេង,
8936099153308,Kids toys,គ្រឿងជ័រក្មេងលេង,
8936140304918,Kid toys fun truck,ត្រាក់ទ័រជ័រក្មេងលេង,
8936194490001,SHB medical face mask 4layers 50masks,ម៉ាស់ មាន4ស្រទាប់,
8938502848641,XUKIVA paper writing board A4 No.217,ក្តារទ្រាប់ក្រដាស់សរសេរ,
8938506225172,RAINY INOX STOVE,ចង្ក្រានអាំងសាច់,
8938534458078,3D face mask 3 layers 10pcs,ម៉ាស់ 3D បីស្រទាប់,
8859014013573,KFC frozen deboned chicken feet 1000g,ជើងមាន់អត់ឆ្អឹងកក់,
8994993011476,GARNIER sunscreen cream (super uv matte spot-proof SPF50) 15ml,គ្រីមការពារកំដៅថ្ងៃជ្រាបចូលស្បែកបានយ់ាងល្អ,
9773585700054,ALIBE nail polish 15ml,ថ្នាំលាបក្រចក,
8935124561057,WATER BOWL WITH HANDLE NO.6105,បោយទឹក,R5.C2.L4
8935124564935,Plastic basket size 28cm,កញ្ជ្រែងជ័រមូល,
HOM010244,Kitchen bowl clip steamer,ដងចាប់ចាន,
HOM010247,Knife sharpen,ឧបករណ៏សំលៀងកាំបិត,
HOM010322,Home appliance,តំរងសីញទប់ទឹកឡាប៊ូលាងចាន,
HOM010545S,Waterproof roof tape size 5cm length 5m,ស្កុតបិតដំបូលទំហំ៥សង់ទីម៉ែត្រប្រវែង៥ម៉ែត្រ,
HOM010562,Heavy duty lemon squeezer inox,ដងច្របាច់ក្រូចដែកអ៊ីណុក,
HOM990047,Glass wiper,ដងជូតកញ្ចក់,
9557601000164,TOP GLOVE disposable latex medicine examination gloves size S 100 gloves,ស្រោមដៃពេទ្យ,
9557601000362,TOP GLOVE disposable latex medicine examination gloves size L 100 gloves,ស្រោមដៃពេទ្យ,
8934777303014,TAKY coconut milk powder 50g,ម្សៅខ្ទិះដូង,
8858994439533,SIVANNA COLORS velvet eyeshadow 1.5g*6,ឈុតគូរល័រផាត់ត្របកភ្នែក,
8858994441741,SIVANNA color makeup (moon & star mini palette #04),គូល័រផាត់ថ្ពាល់,
